NameofPP,TotalTime,TotalCost,TotalNodes,TotalSimTime
A star,3.619997,28,28,3.89972
TRRT,12.49025,1307.473,396,10.82335
Dijkstra,10.53809,1488,32,0.1937656
