NameofPP,TotalTime,TotalCost,TotalNodes
A star,3.619997,0.028,28
TRRT,9.066271,0.9285774,176
TRRT,6.227323,0.7323231,126
A star,3.619997,0.028,28
